use pharmacymanagement;

-- Insert values into Pharmacy table
INSERT INTO Pharmacy (pharmacy_name, address, contact_number, email) VALUES
('PharmaOne', '123 Main St', '123-456-7890', 'contact@pharmaone.com'),
('HealthPlus', '456 Elm St', '234-567-8901', 'info@healthplus.com'),
('MediCare', '789 Oak St', '345-678-9012', 'support@medicare.com'),
('GoodHealth', '101 Maple St', '456-789-0123', 'hello@goodhealth.com'),
('Wellness Pharmacy', '202 Pine St', '567-890-1234', 'info@wellnesspharmacy.com'),
('PharmaCentral', '303 Cedar St', '678-901-2345', 'contact@pharmacentral.com'),
('PharmaStore', '404 Birch St', '789-012-3456', 'info@pharmastore.com'),
('HealthCare Plus', '505 Walnut St', '890-123-4567', 'support@healthcareplus.com'),
('MediMart', '606 Fir St', '901-234-5678', 'sales@medimart.com'),
('QuickMed', '707 Spruce St', '012-345-6789', 'hello@quickmed.com'),
('PharmacyPlus', '808 Maple St', '123-456-7891', 'info@pharmacyplus.com'),
('HealthFirst', '909 Oak St', '234-567-8902', 'support@healthfirst.com'),
('WellMed', '1010 Elm St', '345-678-9013', 'contact@wellmed.com'),
('MediCare Plus', '1111 Pine St', '456-789-0124', 'sales@medicareplus.com'),
('CurePharma', '1212 Cedar St', '567-890-1235', 'info@curepharma.com'),
('MediCare Central', '1313 Birch St', '678-901-2346', 'support@medicarecentral.com'),
('PharmaHouse', '1414 Walnut St', '789-012-3457', 'contact@pharmahouse.com'),
('PharmaWorld', '1515 Fir St', '890-123-4568', 'info@pharmaworld.com'),
('HealthLine', '1616 Spruce St', '901-234-5679', 'sales@healthline.com'),
('TotalHealth', '1717 Main St', '012-345-6780', 'support@totalhealth.com'),
('OptimaPharma', '1818 Elm St', '123-456-7892', 'contact@optimapharma.com');

-- Insert values into MedicineCategory table
INSERT INTO MedicineCategory (category_name, description) VALUES
('Antibiotics', 'Drugs used to treat bacterial infections.'),
('Pain Relief', 'Medications that alleviate pain.'),
('Cardiology', 'Medications for heart-related conditions.'),
('Dermatology', 'Medications for skin-related conditions.'),
('Endocrinology', 'Medications for hormonal conditions.'),
('Antivirals', 'Drugs used to treat viral infections.'),
('Respiratory', 'Medications for respiratory conditions.'),
('Gastroenterology', 'Medications for digestive system conditions.'),
('Neurology', 'Medications for neurological conditions.'),
('Oncology', 'Medications for cancer treatment.'),
('Psychiatry', 'Medications for mental health conditions.'),
('Rheumatology', 'Medications for joint and muscle conditions.'),
('Urology', 'Medications for urinary tract conditions.'),
('Ophthalmology', 'Medications for eye conditions.'),
('Hematology', 'Medications for blood disorders.'),
('Gynecology', 'Medications for female reproductive health.'),
('Pediatrics', 'Medications for children’s health.'),
('Orthopedics', 'Medications for bone and joint health.'),
('Immunology', 'Medications for immune system disorders.'),
('General Health', 'General health-related medications.');

-- Insert values into Manufacturer table
INSERT INTO Manufacturer (manufacturer_name, contact_number, email, address) VALUES
('PharmaCorp', '111-222-3333', 'sales@pharmacorp.com', '400 Industrial Way'),
('Medico Industries', '222-333-4444', 'contact@medicoindustries.com', '500 Health Ave'),
('GlobalPharma', '333-444-5555', 'info@globalpharma.com', '600 Wellness Blvd'),
('HealthMeds', '444-555-6666', 'support@healthmeds.com', '700 Med St'),
('CurePharm', '555-666-7777', 'hello@curepharm.com', '800 Pharmacy Ln'),
('BioPharma', '666-777-8888', 'contact@biopharma.com', '900 Science Rd'),
('MedTech', '777-888-9999', 'sales@medtech.com', '1000 Healthway'),
('Pharma Solutions', '888-999-0000', 'info@pharmasolutions.com', '1100 Cure St'),
('EverWell Labs', '999-000-1111', 'support@everwelllabs.com', '1200 Wellness Rd'),
('NexGen Pharma', '000-111-2222', 'hello@nexgenpharma.com', '1300 Innovation Ave'),
('Optima Labs', '111-222-3334', 'info@optimalabs.com', '1400 Tech Blvd'),
('UltraMeds', '222-333-4445', 'contact@ultrameds.com', '1500 Research Dr'),
('PharmaLife', '333-444-5556', 'sales@pharmalife.com', '1600 Health St'),
('Innovative Pharma', '444-555-6667', 'support@innovativepharma.com', '1700 Science Ave'),
('Premier Pharma', '555-666-7778', 'contact@premierpharma.com', '1800 Cure Blvd'),
('PharmaGen', '666-777-8889', 'info@pharmagen.com', '1900 Wellness Ave'),
('TrueMed', '777-888-9991', 'sales@truemed.com', '2000 Health Dr'),
('HealthPro Labs', '888-999-0001', 'support@healthprolabs.com', '2100 Tech Rd'),
('MedPlus Solutions', '999-000-1112', 'contact@medplussolutions.com', '2200 Innovation Blvd'),
('BioTech Pharma', '000-111-2223', 'info@biotechpharma.com', '2300 Research Ave');

-- Insert values into Medicine table
INSERT INTO Medicine (medicine_name, category_id, manufacturer_id, expiry_date, price, quantity_in_stock) VALUES
('Amoxicillin', 1, 1, '2025-12-31', 10.00, 50),
('Ibuprofen', 2, 2, '2024-11-30', 5.00, 75),
('Aspirin', 2, 1, '2024-10-15', 4.00, 100),
('Lisinopril', 3, 3, '2025-06-30', 20.00, 30),
('Hydrochlorothiazide', 3, 4, '2024-09-01', 15.00, 40),
('Cetirizine', 2, 5, '2025-03-31', 8.00, 60),
('Metformin', 3, 6, '2024-12-31', 12.00, 50),
('Omeprazole', 4, 7, '2025-01-15', 18.00, 70),
('Epinephrine', 1, 8, '2024-10-31', 22.00, 20),
('Prednisone', 4, 9, '2025-02-28', 25.00, 25),
('Loratadine', 2, 10, '2024-12-31', 7.00, 80),
('Gabapentin', 3, 11, '2025-07-15', 30.00, 35),
('Hydrocodone', 2, 12, '2024-08-31', 40.00, 15),
('Clopidogrel', 3, 13, '2025-05-31', 28.00, 45),
('Simvastatin', 3, 14, '2024-11-30', 23.00, 55),
('Diazepam', 2, 15, '2024-09-30', 12.00, 65),
('Methylprednisolone', 4, 16, '2025-06-30', 27.00, 50),
('Allopurinol', 3, 17, '2024-10-31', 20.00, 40),
('Furosemide', 3, 18, '2025-01-31', 14.00, 70),
('Levothyroxine', 5, 19, '2024-12-31', 35.00, 50),
('Insulin', 5, 20, '2025-03-31', 55.00, 30);

-- Insert values into Customer table
INSERT INTO Customer (first_name, last_name, address, contact_number, email) VALUES
('John', 'Doe', '123 Oak St', '111-222-3333', 'john.doe@example.com'),
('Jane', 'Smith', '456 Elm St', '222-333-4444', 'jane.smith@example.com'),
('Alice', 'Johnson', '789 Pine St', '333-444-5555', 'alice.johnson@example.com'),
('Bob', 'Williams', '101 Maple St', '444-555-6666', 'bob.williams@example.com'),
('Charlie', 'Brown', '202 Cedar St', '555-666-7777', 'charlie.brown@example.com'),
('Daisy', 'Miller', '303 Birch St', '666-777-8888', 'daisy.miller@example.com'),
('Edward', 'Wilson', '404 Walnut St', '777-888-9999', 'edward.wilson@example.com'),
('Fiona', 'Moore', '505 Spruce St', '888-999-0000', 'fiona.moore@example.com'),
('George', 'Taylor', '606 Fir St', '999-000-1111', 'george.taylor@example.com'),
('Hannah', 'Anderson', '707 Maple St', '000-111-2222', 'hannah.anderson@example.com'),
('Irene', 'Thomas', '808 Oak St', '111-222-3334', 'irene.thomas@example.com'),
('James', 'Jackson', '909 Elm St', '222-333-4445', 'james.jackson@example.com'),
('Karen', 'White', '1010 Pine St', '333-444-5556', 'karen.white@example.com'),
('Leo', 'Harris', '1111 Birch St', '444-555-6667', 'leo.harris@example.com'),
('Mia', 'Martin', '1212 Walnut St', '555-666-7778', 'mia.martin@example.com'),
('Nina', 'Garcia', '1313 Spruce St', '666-777-8889', 'nina.garcia@example.com'),
('Oliver', 'Lopez', '1414 Fir St', '777-888-9991', 'oliver.lopez@example.com'),
('Paul', 'Walker', '1515 Maple St', '888-999-0001', 'paul.walker@example.com'),
('Quinn', 'Young', '1616 Oak St', '999-000-1112', 'quinn.young@example.com'),
('Rita', 'King', '1717 Elm St', '000-111-2223', 'rita.king@example.com'),
('Steve', 'Scott', '1818 Pine St', '111-222-3335', 'steve.scott@example.com');

-- Insert values into Prescription table
INSERT INTO Prescription (customer_id, doctor_name, prescription_date, notes) VALUES
(1, 'Dr. Adams', '2024-08-15', 'Take twice daily with food.'),
(2, 'Dr. Brown', '2024-08-16', 'For pain relief as needed.'),
(3, 'Dr. Clark', '2024-08-17', 'Use as directed for hypertension.'),
(4, 'Dr. Davis', '2024-08-18', 'Apply to affected area every 4 hours.'),
(5, 'Dr. Evans', '2024-08-19', 'For chronic conditions, follow up in 1 month.'),
(6, 'Dr. Fisher', '2024-08-20', 'Use in the morning and evening.'),
(7, 'Dr. Green', '2024-08-21', 'Monitor blood sugar levels regularly.'),
(8, 'Dr. Harris', '2024-08-22', 'For short-term use only.'),
(9, 'Dr. Johnson', '2024-08-23', 'Consult with your physician if symptoms persist.'),
(10, 'Dr. Kelly', '2024-08-24', 'Take with plenty of water.'),
(11, 'Dr. Lee', '2024-08-25', 'Check blood pressure frequently.'),
(12, 'Dr. Martin', '2024-08-26', 'For migraine relief, use as prescribed.'),
(13, 'Dr. Nelson', '2024-08-27', 'Take with meals to avoid stomach upset.'),
(14, 'Dr. O’Connor', '2024-08-28', 'Do not exceed recommended dosage.'),
(15, 'Dr. Perez', '2024-08-29', 'Follow up after 2 weeks for evaluation.'),
(16, 'Dr. Quinn', '2024-08-30', 'For respiratory issues, use with caution.'),
(17, 'Dr. Robinson', '2024-08-31', 'Take one pill daily before breakfast.'),
(18, 'Dr. Smith', '2024-09-01', 'Consult your physician if allergic reactions occur.'),
(19, 'Dr. Taylor', '2024-09-02', 'Take as directed and keep out of reach of children.'),
(20, 'Dr. Underwood', '2024-09-03', 'Use for the prescribed duration only.');

-- Insert values into `Order` table
INSERT INTO `Order` (customer_id, order_date, total_amount, payment_status, delivery_status) VALUES
(1, '2024-08-01', 150.00, 'Completed', 'Delivered'),
(2, '2024-08-02', 200.00, 'Pending', 'Pending'),
(3, '2024-08-03', 120.00, 'Completed', 'Delivered'),
(4, '2024-08-04', 250.00, 'Cancelled', 'Cancelled'),
(5, '2024-08-05', 180.00, 'Completed', 'Delivered'),
(6, '2024-08-06', 160.00, 'Pending', 'Pending'),
(7, '2024-08-07', 220.00, 'Completed', 'Delivered'),
(8, '2024-08-08', 140.00, 'Pending', 'Pending'),
(9, '2024-08-09', 210.00, 'Completed', 'Delivered'),
(10, '2024-08-10', 170.00, 'Completed', 'Delivered'),
(11, '2024-08-11', 190.00, 'Pending', 'Pending'),
(12, '2024-08-12', 230.00, 'Completed', 'Delivered'),
(13, '2024-08-13', 150.00, 'Cancelled', 'Cancelled'),
(14, '2024-08-14', 240.00, 'Completed', 'Delivered'),
(15, '2024-08-15', 130.00, 'Pending', 'Pending'),
(16, '2024-08-16', 260.00, 'Completed', 'Delivered'),
(17, '2024-08-17', 190.00, 'Pending', 'Pending'),
(18, '2024-08-18', 170.00, 'Completed', 'Delivered'),
(19, '2024-08-19', 200.00, 'Completed', 'Delivered'),
(20, '2024-08-20', 220.00, 'Cancelled', 'Cancelled');

-- Insert values into OrderDetails table
INSERT INTO OrderDetails (order_id, medicine_id, quantity, price_per_unit, total_price) VALUES
(1, 1, 5, 10.00, 50.00),
(1, 2, 10, 5.00, 50.00),
(2, 3, 8, 15.00, 120.00),
(2, 4, 12, 10.00, 120.00),
(3, 5, 4, 20.00, 80.00),
(3, 6, 6, 10.00, 60.00),
(4, 7, 3, 25.00, 75.00),
(4, 8, 2, 30.00, 60.00),
(5, 9, 7, 12.00, 84.00),
(5, 10, 8, 18.00, 144.00),
(6, 11, 5, 25.00, 125.00),
(6, 12, 4, 35.00, 140.00),
(7, 13, 6, 30.00, 180.00),
(7, 14, 7, 22.00, 154.00),
(8, 15, 9, 20.00, 180.00),
(8, 16, 4, 28.00, 112.00),
(9, 17, 5, 35.00, 175.00),
(9, 18, 6, 25.00, 150.00),
(10, 19, 3, 40.00, 120.00),
(10, 20, 7, 55.00, 385.00),
(11, 1, 6, 10.00, 60.00),
(11, 2, 8, 5.00, 40.00);

-- Insert values into Supplier table
INSERT INTO Supplier (supplier_name, contact_number, email, address) VALUES
('MediSupply Co.', '111-222-3334', 'sales@medisupply.com', '500 Supply St'),
('HealthSource Inc.', '222-333-4445', 'contact@healthsource.com', '600 Wellness Dr'),
('PharmaDistributors', '333-444-5556', 'info@pharmadistributors.com', '700 Med Rd'),
('WellnessSupplies', '444-555-6667', 'support@wellnesssupplies.com', '800 Health Ave'),
('CureMeds Ltd.', '555-666-7778', 'sales@curemeds.com', '900 Pharmacy Ln'),
('BioMed Supply', '666-777-8889', 'info@biomedsupply.com', '1000 Research Blvd'),
('PharmaPartners', '777-888-9991', 'contact@pharmapartners.com', '1100 Supply Rd'),
('MediWorld', '888-999-0001', 'support@mediworld.com', '1200 Wellness Ln'),
('Optima Supplies', '999-000-1113', 'sales@optimasupplies.com', '1300 Healthway'),
('TotalCare Supply', '000-111-2224', 'contact@totalcaresupply.com', '1400 Supply Ave'),
('HealthLink', '111-222-3335', 'info@healthlink.com', '1500 Tech Rd'),
('MediConnect', '222-333-4446', 'support@mediconnect.com', '1600 Research Blvd'),
('PharmaWorld', '333-444-5557', 'contact@pharmaworld.com', '1700 Wellness Rd'),
('EverHealth Supplies', '444-555-6668', 'sales@everhealth.com', '1800 Innovation Dr'),
('PharmaPro', '555-666-7779', 'info@pharmapro.com', '1900 Healthway'),
('NextGen Supply', '666-777-8880', 'support@nextgensupply.com', '2000 Med Blvd'),
('PureMed', '777-888-9992', 'contact@puremed.com', '2100 Tech Ave'),
('WellMed Supplies', '888-999-0002', 'sales@wellmedsupplies.com', '2200 Innovation Rd'),
('MedSource Ltd.', '999-000-1114', 'info@medsourceltd.com', '2300 Research Dr'),
('PharmaWorks', '000-111-2225', 'contact@pharmaworks.com', '2400 Health Rd');

-- Insert values into SupplyOrder table
INSERT INTO SupplyOrder (pharmacy_id, supplier_id, order_date, total_cost, delivery_date, status) VALUES
(1, 1, '2024-08-01', 1000.00, '2024-08-05', 'Completed'),
(2, 2, '2024-08-02', 800.00, '2024-08-06', 'Pending'),
(3, 3, '2024-08-03', 1200.00, '2024-08-07', 'Completed'),
(4, 4, '2024-08-04', 1500.00, '2024-08-08', 'Cancelled'),
(5, 5, '2024-08-05', 900.00, '2024-08-09', 'Completed'),
(6, 6, '2024-08-06', 1100.00, '2024-08-10', 'Pending'),
(7, 7, '2024-08-07', 950.00, '2024-08-11', 'Completed'),
(8, 8, '2024-08-08', 1300.00, '2024-08-12', 'Pending'),
(9, 9, '2024-08-09', 1050.00, '2024-08-13', 'Completed'),
(10, 10, '2024-08-10', 1150.00, '2024-08-14', 'Completed'),
(11, 11, '2024-08-11', 980.00, '2024-08-15', 'Pending'),
(12, 12, '2024-08-12', 1020.00, '2024-08-16', 'Completed'),
(13, 13, '2024-08-13', 850.00, '2024-08-17', 'Cancelled'),
(14, 14, '2024-08-14', 1200.00, '2024-08-18', 'Completed'),
(15, 15, '2024-08-15', 950.00, '2024-08-19', 'Pending'),
(16, 16, '2024-08-16', 1100.00, '2024-08-20', 'Completed'),
(17, 17, '2024-08-17', 1250.00, '2024-08-21', 'Pending'),
(18, 18, '2024-08-18', 1150.00, '2024-08-22', 'Completed'),
(19, 19, '2024-08-19', 1080.00, '2024-08-23', 'Completed'),
(20, 20, '2024-08-20', 950.00, '2024-08-24', 'Cancelled');

-- Insert values into SupplyOrderDetails table
INSERT INTO SupplyOrderDetails (supply_order_id, medicine_id, quantity, price) VALUES
(1, 1, 100, 10.00),
(1, 2, 150, 5.00),
(2, 3, 80, 15.00),
(2, 4, 120, 10.00),
(3, 5, 90, 20.00),
(3, 6, 70, 10.00),
(4, 7, 50, 25.00),
(4, 8, 30, 30.00),
(5, 9, 60, 12.00),
(5, 10, 80, 18.00),
(6, 11, 40, 25.00),
(6, 12, 30, 35.00),
(7, 13, 50, 30.00),
(7, 14, 60, 22.00),
(8, 15, 70, 20.00),
(8, 16, 40, 28.00),
(9, 17, 50, 35.00),
(9, 18, 60, 25.00),
(10, 19, 20, 40.00),
(10, 20, 40, 55.00),
(11, 1, 60, 10.00),
(11, 2, 70, 5.00);

-- Insert values into PharmacyInventory table
INSERT INTO PharmacyInventory (pharmacy_id, medicine_id, stock_quantity) VALUES
(1, 1, 50),
(1, 2, 75),
(2, 3, 60),
(2, 4, 40),
(3, 5, 70),
(3, 6, 80),
(4, 7, 30),
(4, 8, 20),
(5, 9, 55),
(5, 10, 65),
(6, 11, 45),
(6, 12, 35),
(7, 13, 40),
(7, 14, 55),
(8, 15, 60),
(8, 16, 30),
(9, 17, 50),
(9, 18, 40),
(10, 19, 20),
(10, 20, 15),
(11, 1, 70),
(11, 2, 60);

-- Insert values into PrescriptionDetails table
INSERT INTO PrescriptionDetails (prescription_id, medicine_id, dosage, duration) VALUES
(1, 1, '500 mg', '7 days'),
(1, 2, '200 mg', '10 days'),
(2, 3, '10 mg', '5 days'),
(2, 4, '20 mg', '7 days'),
(3, 5, '50 mg', '1 month'),
(3, 6, '500 mg', '2 weeks'),
(4, 7, '1 g', '5 days'),
(4, 8, '10 mg', '7 days'),
(5, 9, '250 mg', '2 weeks'),
(5, 10, '5 mg', '10 days'),
(6, 11, '20 mg', '1 week'),
(6, 12, '100 mg', '1 month'),
(7, 13, '10 mg', '5 days'),
(7, 14, '50 mg', '2 weeks'),
(8, 15, '1 g', '3 days'),
(8, 16, '250 mg', '1 week'),
(9, 17, '500 mg', '7 days'),
(9, 18, '25 mg', '10 days'),
(10, 19, '2 g', '3 days'),
(10, 20, '500 mg', '1 week'),
(11, 1, '500 mg', '1 week'),
(11, 2, '200 mg', '10 days');
